epoch,train_loss,valid_loss,accuracy,f1_score
1,35.180426164701856,4.045072754845023,0.6911764705882353,0.8157894736842105
2,25.55479872533432,2.2796848099678755,0.8602941176470589,0.9035532994923858
3,9.82615641042064,2.304008368868381,0.875,0.9131175468483816
