epoch,train_loss,valid_loss,accuracy,f1_score
1,1.2065773463249208,0.23859485387802123,0.6,0.75
